{"faqs":[{"topic":"ایک پیغام \"مواد جلد ہی آ رہا ہے\" میری اسکرین پر ظاہر ہوتا ہے اور میں اسکین شدہ QR کوڈ کے لئے کوئی مواد نہیں دیکھ سکتا","description":"آپ کی ریاست  فی الحال اس QR کوڈ کے لئے مواد بنانے کے عمل میں ہے.تاخیر کی وجہ یہ ہے کہ بہت سے درجوں، میڈئم اور مضامین کے لئے ایک بڑی تعداد میں درسی کتابیں موجود ہیں.ایک بار ریاست  اسے تیار کرنے کے بعد مواد جلد ہی دستیاب کر سکےگا."},{"topic":"میرا ڈوائس اینڈروئڈ ۴.۴ پر ہے، میں اپنے  ڈوائس پر مواد نہیں چلا سکتا","description":" اینڈروئڈ ۴.۴ HTML5  کے ساتھ  مطابقت نہیں رکھتا ہے، لہذا  ورژن ۴.۴ کے ساتھ اس ڈوائس پر مواد ادا کرنے کے لئے، مندرجہ ذیل کوشش کریں:\n\n<ul> \n<li> اینڈروئڈ ورژن کو نیا کریں، ترجیحی طور پر ورژن ۵.۱ یا اس سے زیادہ کریں</li>\n<APP_NAME}} <li}} موبائل اپلی کیشن کے لیٹسٹ ورژن کو اپ ڈیٹ کریں</li> \n</ul> \nاینڈروئڈ ۴.۴ پر مواد چلانے کے دوران ایپلیکیشن Crosswalk کو ڈاؤن لوڈ کرنے اور انسٹال کرنے کا اشارہ کرتا ہے ۔Crosswalk کا استعمال کرنے سے اینڈروئڈ ۴.۴ ورژن پر سب سے زیادہ مواد چلا سکتے ہیں۔"},{"topic":"میں اپنی میڈیم، کلاس، موضوع اور زبان کے لئے ڈراپ ڈاؤن مینو میں تفصیلات نہیں دیکھ سکتا","description":"آپ کا جس ریاست سے تعلق ہے اس نے اس فہرست کو ابھی تک نہیں بنایا ہے. یہ تفصیلات جلد ہی دستیاب ہو جائیں گی جیسے ہی ریاست انکو شامل کر ے گی"},{"topic":"میں سائن ان کرنے میں قاصر ہوں","description":"DIKSHA mobile app کا استعمال کرنے کے لئے، آپ کو سب سے پہلے سائن اپ کرنا ہوگا. آپ ان میں سے کسی بھی اختیارات کے استعمال سے سائن اپ کر سکتے ہیں:\n<ul>\n<li> رجسٹرڈ موبائل نمبر یا ای میل آئ ڈی <li/>\n<li> ریاست فراہم شدہ آئ ڈی <li/>\n<li>   موجودہ Google (Gmail) آئ ڈی <li/>\n</ul>\nاگر آپ نے پہلے ہی سائن اپ کیا ہے، تو چیک کریں کہ آپ کے پاس مناسب انٹرنیٹ کنیکٹوٹی ہے."},{"topic":"میں اپنے میڈیم، کلاس، موضوع اور زبان کے لئے مواد نہیں دیکھ سکتا","description":"آپ کی ریاست نے ابھی تک آپ کے میڈئم، بورڈ، طبقے یا موضوع کیلئے مواد تخلیق یا شامل نہیں کیا ہے. اگر آپ اپلی کیشن لائبریری میں درج کردہ کتابیں دیکھ سکتے ہیں ، تو اس تعلیمی سال میں آپکو اسکے مواد ملنے کے سب سے زیادہ امکان ہیں۔"},{"topic":"جب انٹرنیٹ  نہ ہو تب میں مواد چلانا چاہتا ہوں","description":"جب انٹرنیٹ موجود ہو آپ  تبھی مواد کو ڈاؤن لوڈ کر سکتے ہیں اور انٹرنیٹ نہیں ہونے پر صرف ڈاؤن لوڈ کردہ مواد چلاے جا سکتے ہیں۔ جب  انٹرنیٹ کنکشن موجود ہو تو آپ صرف یوٹیوب ویڈیوز چلا سکتے ہیں، کیونکہ  یوٹیوب دوسرے ایپ کو ویڈیو ڈاؤن لوڈ کرنے کی اجازت نہیں دیتا"},{"topic":"{{APP_NAME}} کے مواد میرے فون پر بہت ساری جگہ استعمال کرتے ہیں","description":"جگہ کو خالی کرنے کے لئے آپ اپنے فون اسٹوریج سے ڈاؤن لوڈ کردہ مواد منتقل یا حذف کرسکتے ہیں"},{"topic":"میں {{APP_NAME}} پر مواد تخلیق اور شامل کرنا چاہتا ہوں","description":" فی الحال، ریاست اساتذہ کو {{APP_NAME}} پر مواد بنانے اور شامل کرنے کے لئے مقرر کرتی ہے.اگر آپ مواد بنانے میں دلچسپی رکھتے ہیں تو، تخلیقی حقوق حاصل کرنے کے لئے اپنی ریاستی اتھارٹی کو درخواست بھیجیں"},{"topic":"میں ایک کورس سے نام نہاد کرنا چاہتا ہوں","description":"اس کورس کا انتخاب کریں جس سے آپ غیر اندراج کرنا چاہتے ہیں، اوپر دائیں کونے پر برگر مینو (تین عمودی نقطے) کو دبائیں اور \"غیر اندراج\" کو دبائیں."},{"topic":"میں IOS یا ڈیسک ٹاپ پر DIKSHA app کو حاصل کرنا چاہتا ہوں","description":"آپ {{APP_NAME}} مواد کو دیکھنے کے لئے iOS یا ڈیسک ٹاپ کے ڈوائسز پر اپنے براؤزر کا استعمال کرتے ہوئے https://www.diksha.gov.in/explore پر دیکھ سکتے ہیں. ہم فی الحال ایک آف لائن ڈیسک ٹاپ ایپلی کیشن پر کام کررہے ہیں جو اس سال میں کچھ وقت کے بعد تیار ہونے کی امید ہے"},{"topic":"میں اپنے کورس کی تکمیل کی حالت کو جاننا چاہتا ہوں","description":"کامیابی سے کورس مکمل کرنے کے بعد, کورس کا نام آپ کے پروفائل کے صفحے پر تربیتی سیکشن کے تحت دکھایا جائے گا"},{"topic":"میں اپنی پروفائل کی ترتیبات دیکھنے سے قاصر ہوں","description":"یہ آپ کے فون پر <b> اینڈرائیڈ سسٹم ویب ویو </b> کے پرانے ورژن کی وجہ سے ہے۔ویب ویو جزو کو اپ ڈیٹ کرنے کے لئے:\n۱. گوگل پلے اسٹور پر جائیں\n۲. android ویب ویو لنک پر جائیں۔https://play.google.com/store/apps/details?id=com.google.android.webview کا استعمال کریں\n\nنوٹ: اینڈروئیڈ ویب ویو ایک پری انسٹال جزو ہے جو اینڈروئیڈ ایپس کے ویب مشمولات کو ڈسپلے کرنے کی اجازت دیتا ہے۔\nتازہ ترین سیکیورٹی اپ ڈیٹس کو یقینی بنانے کیلئے اسے تازہ ترین رکھنا چاہئے۔ "},{"topic":"میں QR کوڈ اسکین کے بٹن کو دیکھنے سے قاصر ہوں","description":"یہ آپ کے فون پر <b> اینڈرائیڈ سسٹم ویب ویو </b> کے پرانے ورژن کی وجہ سے ہے۔ویب ویو جزو کو اپ ڈیٹ کرنے کے لئے:\n۱. گوگل پلے اسٹور پر جائیں\n۲. android ویب ویو لنک پر جائیں۔https://play.google.com/store/apps/details?id=com.google.android.webview کا استعمال کریں۔\n\nنوٹ: اینڈروئیڈ ویب ویو ایک پری انسٹال جزو ہے جو اینڈروئیڈ ایپس کے ویب مشمولات کو ڈسپلے کرنے کی اجازت دیتا ہے۔\nتازہ ترین سیکیورٹی اپ ڈیٹس کو یقینی بنانے کیلئے اسے تازہ ترین رکھنا چاہئے۔ "}],"constants":{"charactersLeft":"حروف باقی ہیں","explainMsg":"کیا  آپ اس مسئلے کو سمجھا سکے؟","faqMsg":"اکثر پوچھے گئے سوالات","help":"مدد","helpMsg":"کیا اس جواب نے آ پکی مدد کی؟","initiateEmailButton":"ای میل شروع کریں","knowMoreMsg":"آپ اور کیا جاننا چاہتے ہے؟","noMsg":"نہیں","reportIssue":"مسئلہ کی اطلاع دیں","reportIssueMsg":"دوسرے مسئلے کی اطلاع دیں","resolveMsg":"اپنے مسئلے کو حل کرنے کے لۓ فہرست دیکھیں","sorryMsg":"اس کے لئے معذرت!","submitButton":"جمع کریں","tellMoreMsg":"ہمیں اس مسئلے کے بارے میں مزید بتائیے","thanksMsg":"آپکے جواب کا شکریہ!","triggerEmailMsg":"ٹیکسٹ باکس میں تفصیلات شامل کرنے کے بعد اور ابتدائی ای میل بٹن کو شروع کرنے کے بعد، ہم آپ کی طرف سے ایک ای میل کو متحرک کریں گے. آپ مزید تفصیلات شامل کر سکتے ہیں اور / یا وہاں فائلیں منسلک کرسکتے ہیں.","typeHere":"یہاں ٹائپ کریں ...","yesMsg":"جی ہاں"}}