{"faqs":[{"topic":"माझ्या स्क्रीनवर 'मजकूर लवकरच येत आहे' हा संदेश प्रदर्शित आहे आणि मी QR कोड स्कॅन केल्यावर मजकूर पाहू शकत नाही","description":"तुमचे राज्य सध्या या QR कोडसाठी मजकूर तयार करीत आहे. बर्याच वर्ग, माध्यम आणि विषयांसाठी मोठ्या प्रमाणावर पाठ्यपुस्तके असल्यामुळे विलंब होत आहे. राज्याने मजकूर तयार केल्यावर आपण तो पाहू शकाल."},{"topic":"माझा मोबाईल एंड्रॉइड 4.4 वर आहे, मी माझ्या मोबाईलवर मजकूर प्ले करू शकत नाही","description":"Android आवृत्ती 4.4 HTML5 ला समर्थन देत नाही.  म्हणून  सर्व मजकूर प्ले केला जाऊ शकत नाही. Android आवृत्ती 4.4 सह डिव्हाइसवर सामग्री प्ले करण्यासाठी, खालील प्रयत्न करा: \n<ul>\n <li> नवीनतम  Android आवृत्ती अपडेट करा. शक्यतो Android 5.1 आवृत्तीपेक्षा अधिक आवृत्ती वापरा </ li> \n<li> {{APP_NAME}} मोबाइल ऍपची नवीनतम आवृत्ती अपडेट करा</ li> </ ul> Android  4.4.व्हर्सन वर सामग्री प्ले करताना क्रॉसवॉक डाउनलोड आणि इन्स्टॉल करण्यासाठी ऍप सूचित करतो. क्रॉसवॉक, Android 4.4 आवृत्तीवरून बराच मजकूर प्ले करण्यास सक्षम आहे."},{"topic":"मी माझ्या बोर्ड, माध्यम, श्रेणी आणि विषयाचा तपशील पाहू शकत नाही","description":"तुमचे राज्य सध्या सर्व बोर्ड, माध्यम, वर्ग आणि विषयांचे समर्थन करत नाही. जेव्हा तुमचे  राज्य त्यांना जोडेल तेव्हा तुम्हाला ते सूचीमध्ये दिसेल."},{"topic":"मी साइन इन करण्यास असमर्थ आहे ","description":"{{APP_NAME}} मोबाइल ऍप वापरण्यासाठी, तुम्हाला प्रथम साइन अप करणे आवश्यक आहे. इंटरनेट कनेक्शन असल्यास तुम्ही यापैकी कोणत्याही पर्यायाचा वापर करून साइन अप करू शकता: \n<ul> \n<li> नोंदणीकृत मोबाइल नंबर किंवा ई-मेल  ID</ li> \n<li> राज्याने प्रदान केलेला ID </ li> \n<li> विद्यमान Google (gmail) ID </ li>\n < / ul>\nतुम्ही आधीपासून साइन अप केले असल्यास, तुम्हाला योग्य इंटरनेट कनेक्टिव्हिटी आहे याची खात्री करा."},{"topic":"मी माझ्या बोर्ड, माध्यम, ग्रेड आणि विषयाचा  मजकूर मी पाहू शकत नाही","description":"तुम्ही ज्या राज्याशी संबंधित आहात, त्यांनी अद्याप या सूचीसाठी मजकूर तयार केला किंवा जोडला नाही. ऍप लायब्ररीमध्ये सूचीबद्ध केलेल्या पुस्तकांसंबंधीचा मजकूर तुम्याहाला या शैक्षणिक वर्षात बहुधा मिळेल."},{"topic":"इंटरनेट नसताना मला मजकूर प्ले करायचा आहे","description":"जेव्हा इंटरनेटशी कनेक्शन असेल तेव्हाच तुम्ही मजकूर डाउनलोड करू शकता. केवळ डाउनलोड केलेला मजकूर तुम्ही इंटरनेटशिवाय नंतर प्ले केली जाऊ शकता. जेव्हा इंटरनेटशी कनेक्शन असेल तेव्हाच तुम्ही YouTube व्हिडिओ प्ले करू शकता कारण YouTube इतर ऍप्सना व्हिडिओ डाउनलोड करण्याची परवानगी देत ​​नाही."},{"topic":"मजकूर माझ्या फोनवर भरपूर जागा घेत आहे","description":"तुम्ही मोबाईलची जागा मोकळी करण्यासाठी ऍपच्या  डाउनलोड टॅबच्या सहायाने डाउनलोड केलेला मजकूर काढू शकता"},{"topic":"मला {{APP_NAME}} वर मजकूर तयार करायचा व जोडायचा आहे","description":"सध्या, राज्य {{APP_NAME}} वर मजकूर तयार करण्यासाठी आणि जोडण्यासाठी शिक्षकांची नियुक्ती करते. तुम्हाला मजकूर तयार करण्यात स्वारस्य असल्यास, निर्मिती अधिकार मिळविण्यासाठी आपल्या राज्य प्राधिकरणास विनंती पाठवा."},{"topic":"मला कोर्समधून नोंदणी रद्द करायचीआहे","description":"तुम्ही ज्या कोर्समधून नोंदणी रद्द करू  इच्छिता तो निवडा. वरच्या उजव्या कोपर्यातला मेनू (तीन लंबवत ठिपके) टॅप करून  नोंदणी रद्द टॅप करा"},{"topic":"मला IOS आणि डेस्कटॉपवर ऍप पाहायचा आहे","description":"तुम्ही मजकूर पाहण्यासाठी iOS किंवा डेस्कटॉप डिव्हाइसेसवरील आपल्या ब्राउझरचा वापर करुन https://www.diksha.gov.in/explore/ ला भेट देऊ शकता. आम्ही सध्या एका ऑफलाईन डेस्कटॉप ऍप्लिकेशन वर काम करत आहोत, जे ह्या वर्षभरात तयार होण्याची अपेक्षा आहे."},{"topic":"मला माझ्या कोर्सच्या पूर्णत्वाची स्थिती जाणून घ्यायची आहे","description":"तुम्ही यशस्वीरित्या अभ्यासक्रम पूर्ण केल्यावर, कोर्सचे नाव तुमच्या प्रोफाइल पृष्ठावरील 'प्रशिक्षणास उपस्थित' विभागात प्रदर्शित केले जाईल"},{"topic":"मी माझ्या वैयक्तिक माहितीचे सेटिंग पाहू शकत नाही \n","description":"हे आपल्या फोन मधील <b>Android System WebView<b> या घटकाच्या कालबाह्य आवृत्तीमुळे होत आहे. हा घटक अपडेट करण्यासाठी:\n१. गूगल प्लेस्टोर मध्ये जा \n२. Android webview लिंक वर जा खालील पत्त्याचा वापर करा:\nhttps://play.google.com/store/apps/details?id=com.google.android.webview\n\nटीप : Android WebView हा एक पूर्व स्थापित घटक आहे, जेणेकरून अँड्रॉइड ऍप्स वेब वरील मजकूर दाखवू शकतात.\nहा घटक कायम अद्ययावत ठेवावा, जेणेकरून आपल्याला नवीनतम सुरक्षा अपडेट मिळू शकतील."},{"topic":"मी QR code चे स्कॅन बटण पाहू शकत नाही ","description":"हे आपल्या फोन मधील <b>Android System WebView<b> या घटकाच्या कालबाह्य आवृत्तीमुळे होत आहे. हा घटक अपडेट करण्यासाठी:\n१. गूगल प्लेस्टोर मध्ये जा \n२. Android webview लिंक वर जा खालील पत्त्याचा वापर करा:\nhttps://play.google.com/store/apps/details?id=com.google.android.webview.\n\nटीप : Android WebView हा एक पूर्व स्थापित घटक आहे, जेणेकरून अँड्रॉइड ऍप्स वेब वरील मजकूर दाखवू शकतात.\nहा घटक कायम अद्ययावत ठेवावा, जेणेकरून आपल्याला नवीनतम सुरक्षा अपडेट मिळू शकतील."}],"constants":{"charactersLeft":"उर्वरित वर्ण ","explainMsg":"तुम्ही समस्येचे स्पष्टीकरण द्याल का?","faqMsg":"विचारण्यात येणारे प्रश्न","help":"सहायता","helpMsg":"ह्या उत्तराची तुम्हाला मदत झाली का?","initiateEmailButton":"ईमेल आरंभ करा","knowMoreMsg":"तुम्हाला आणखीन काही जाणून घ्यायचे आहे का?","noMsg":"नाही","reportIssue":"तक्रार दाखल करा","reportIssueMsg":"इतर तक्रारी दाखल करा","resolveMsg":"तुमच्या समस्येचे निराकरण करण्यासाठी सूची पहा","sorryMsg":"क्षमस्व!","submitButton":"सबमिट करा","tellMoreMsg":"तुमच्या समस्येबद्दल आम्हाला अधिक सांगा","thanksMsg":"तुमच्या प्रतिसादासाठी धन्यवाद!","triggerEmailMsg":"तुम्ही माहिती जोडल्यानंतर आणि 'ईमेल आरंभ करा' बटण टॅप केल्यानंतर, आम्ही तुमच्या वतीने ईमेल ट्रिगर करू. तेथे तुम्ही अधिक माहिती आणि / किंवा फायली संलग्न करू शकता.","typeHere":"येथे टाईप करा","yesMsg":"होय"}}