{"faqs":[{"topic":"QR कोड स्कैन करने पर केवल \"कंटेंट जल्द आ रहा है!\" संदेश स्क्रीन पर प्रदर्शित होता है और मुझे इसमें कोई भी अन्य कंटेंट नहीं दिख रहा हैं|","description":"आपका राज्य इस QR कोड के कंटेंट का सृजन करने में कार्यरत है| यह विलम्ब विभिन्न कक्षा, माध्यम और विषय की पाठयपुस्तकों के विस्तृत सृजन कार्य के कारण हैं| राज्य द्वारा बनायें जाने के बाद आप इस कंटेंट का जल्द ही देख पायेंगें|"},{"topic":"मेरा मोबाइल एंड्राइड ४.४ है, इस पर कंटेंट नहीं चल रहा है","description":"एंड्राइड संस्करण ४.४ html5 का समर्थन नहीं करता हैं और इसी कारण सभी कंटेंट चलाये नहीं जा सकते है| कंटेंट को चलाने हेतु निम्नलिखित अनुदेशों का पालन करें:\n<ul>\n<li>एंड्राइड ५.१ या इसके ऊपर का संस्करण अपडेट करें </li>\n<li>{{APP_NAME}} मोबाइल ऐप का नवीनतम संस्करण डाउनलोड करें</li>\n</ul>\n\nएंड्राइड ४.४ पर कंटेंट चलाते समय यह  ऐप आपको मोबाइल पर Crosswalk डाउनलोड करके इंस्टाल करने के लिए स्मरण करवाती रहेगी| Crosswalk से लगभग सभी कंटेंट एंड्राइड ४.४ पर चल सकते हैं"},{"topic":"मैं अपना बोर्ड, माध्यम, कक्षा और विषय नहीं देख पा रहा/रही हूँ","description":"आपका राज्य सभी बोर्ड, माध्यम, कक्षा और विषयों को समर्थित नहीं करता हैं|  राज्य द्वारा जोड़े जाने के बाद आप इन सूचियों को जल्द ही देख पायेंगें|"},{"topic":"मैं साइन इन करने में असमर्थ हूँ","description":"{{APP_NAME}} मोबाइल ऐप का उपयोग करने के लिए साइन-अप आवश्यक हैं| इन्टरनेट कनेक्शन उपलब्ध होने पर किसी भी निम्न माध्यम का उपयोग करके साइन अप करें:\n<ul>\n<li> पंजीकृत मोबाइल क्रमांक या ईमेल पता</li>\n<li> राज्य द्वारा प्रदत्त ID </li>\n<li> मौजूदा गूगल (Gmail) ID </li>\n</ul>\nयदि आप पहले ही साइन-अप कर चुके है तो इंटरनेट कनेक्शन पुन: जाँच ले।"},{"topic":"मैं अपने बोर्ड, माध्यम, कक्षा या विषय का कंटेंट नहीं देख पा रहा/रही हूँ","description":"आपके राज्य ने अभी तक आपके बोर्ड, माध्यम, कक्षा और विषय के लिए कंटेंट बनाया या जोड़ा नहीं है| यदि आप कोई पुस्तक को पुस्तक संग्रह में देख पा रहे है तो निश्चित ही यह कंटेंट इस सत्र में प्रकाशित होगा|"},{"topic":"इंटरनेट कनेक्शन उपलब्ध न होने पर भी मैं यह कंटेंट देखना चाहता/चाहती हूँ","description":"इंटरनेट होने पर आप कंटेंट डाउनलोड कर सकते हैं| केवल डाउनलोड किये गये कंटेंट ही इंटरनेट नहीं होने भी चल सकते है|\nYouTube वीडियो इंटरनेट कनेक्शन होने पर ही चलाए जा सकते हैं, क्यूँकि YouTube किसी भी अन्य एप से वीडियो डाउनलोड करने की अनुमति नहीं देता है|"},{"topic":"कंटेंट मेरे मोबाइल की बहुत स्टोरेज ले रहा हैं","description":"डाउनलोड टैब से, डाउनलोड किये गये कंटेंट को अपने मोबाइल से हटा कर स्टोरेज खाली कर सकते हैं"},{"topic":"मैं {{APP_NAME}} पर कंटेंट की रचना करना और जोड़ना चाहता/चाहती हूँ","description":"{{APP_NAME}} पर केवल राज्य द्वारा निर्धारित शिक्षक ही कंटेंट की रचना कर सकते हैं| आप यदि कंटेंट बनाने में रूचि रखते है तो, {{APP_NAME}} में निर्माण अधिकारों के विषय में आप अपने राज्य के प्राधिकारी को संपर्क करें|"},{"topic":"इस पाठ्यक्रम से अपना नामांकन रद्ध करना चाहता /चाहती हूँ","description":"उस कोर्स का चयन करें, जिससे आप अपना नामांकन रद्ध करना चाहते है| \n- ऊपर दाएं कोने पर तीन खड़े बिंदु वाले मेनू को टैप करें \n- नामांकन रद्ध बटन पर टैप करें"},{"topic":"मैं iOS या डेस्कटॉप पर ऐप देखना चाहता/चाहती हूँ","description":"अपने iOS या डेस्कटॉप से कंटेंट देखने के लिए वेब ब्राउज़र से https://www.diksha.gov.in/explore/ खोलें| हम एक ऑफ़लाइन डेस्कटॉप एप्लिकेशन पर काम कर रहे हैं, जो इस साल के अंत में तैयार होने की उम्मीद है|"},{"topic":"मैं यह जानना चाहता/चाहती हूँ कि मेरा कोर्स पूर्ण हुआ है या नहीं|","description":"जब आप अपना कोर्स पूर्ण कर लेते है, तो वह कोर्स आपके प्रोफ़ाइल में  'मेरे प्रशिक्षण' की श्रेणी में सूचीबद्ध होता हैं|"},{"topic":"मुझे मेरा प्रोफाइल सेटिंग नहीं दिख रहा हैं।","description":"यह समस्या <b>एंड्रोइड सिस्टम वेबवियू</b> भाग के पुराने संस्करण के कारण हैं। वेबवियू भाग अपडेट करने के लिये:\n1. गूगल प्लेस्टोर पर जाये\n2. एंड्रोइड वेबवियू लिंक पर जाये\nhttps://play.google.com/store/apps/details?id=com.google.android.webview\n\nटिप्पणी: एंड्रोइड वेबवियू भाग आपके मोबाईल पर पहले से इंस्टाल होता है जिससे वेब का कंटेंट मोबाईल पर दिखाई देता है और नवीनतम सुरक्षा अपडेट को सुनिश्चित करता है।"},{"topic":"मुझे QR कोड स्केन बटन नहीं दिख रहा हैं।","description":"यह समस्या <b>एंड्रोइड सिस्टम वेबवियू</b> भाग के पुराने संस्करण के कारण हैं। वेबवियू भाग अपडेट करने के लिये:\n1. गूगल प्लेस्टोर पर जाये\n2. एंड्रोइड वेबवियू लिंक पर जाये\nhttps://play.google.com/store/apps/details?id=com.google.android.webview\n\nटिप्पणी: एंड्रोइड वेबवियू भाग आपके मोबाईल पर पहले से इंस्टाल होता है जिससे वेब का कंटेंट मोबाईल पर दिखाई देता है और नवीनतम सुरक्षा अपडेट को सुनिश्चित करता है।"}],"constants":{"charactersLeft":"अक्षर बाकी","explainMsg":"आपकी समस्या हमें विस्तार में बतायें","faqMsg":"अक्सर पूछे जाने वाले प्रश्न","help":"सहायता","helpMsg":"क्या आप इस उत्तर से संतुष्ट हैं?","initiateEmailButton":"ईमेल भेजें","knowMoreMsg":"आप कोई और जानकारी चाहते हैं?","noMsg":"नहीं","reportIssue":"समस्या रिपोर्ट करें","reportIssueMsg":"अन्य समस्या दाख़िल करें","resolveMsg":"अपनी समस्या का हल सूची में देखें","sorryMsg":"क्षमा करें!","submitButton":"दाख़िल करें","tellMoreMsg":"आपकी समस्या हमें विस्तार में बतायें","thanksMsg":"आपकी प्रतिक्रिया के लिए धन्यवाद","triggerEmailMsg":"आप अपना विवरण भर कर, 'ईमेल आरम्भ करें' का बटन दबायें। हम आपकी ओर से  ईमेल ट्रिगर करेंगे| आप इस ईमेल में अधिक विवरण व संलग्न जोड़ सकते है।","typeHere":"यहाँ टाइप करें...","yesMsg":"हाँ"}}