{"faqs":[{"topic":"\"కంటెంట్ త్వరలో రానుంది\" అని సందేశం  నా స్క్రీన్పై ప్రదర్శించబడుతుంది. నేను QR కోడ్ స్కాన్ చేసినా కంటెంట్ను చూడలేను","description":"మీరు చెందిన రాష్ట్రం ఈ QR కోడ్ కోసం కంటెంట్ను సృష్టించే ప్రక్రియలో ఉంది. రాష్ట్రాలు భారీ పరిమాణ పాఠ్యపుస్తకాలపై పనిచేస్తున్నాయి, దీని వలన ఈ ఆలస్యం ఏర్పడుతుంది. రాష్ట్రం సృష్టించిన తర్వాత కంటెంట్ వెంటనే లభిస్తుంది."},{"topic":"నా పరికరం లో యాండ్రాయిడ్ 4.4 ఉంది, నేను పరికరంలో కంటెంట్ను ప్లే చేయలేకపోతున్నాను","description":"Android 4.4 html5 కి అనుకూలంగా లేదు, అందువల్ల మీరు మీ పరికరంలో కొంత కంటెంట్ను ప్లే చేయలేరు. Android వెర్షన్ 4.4 తో పరికరంలో కంటెంట్ను చూడటానికి, క్రింది వాటిని ప్రయత్నించండి:\n<ul>\n<li>తాజా వెర్షన్కు Android సంస్కరణను నవీకరించండి, 5.1 కన్నా ఎక్కువ వర్షన్ వరకు</li>\n<li>తాజా సంస్కరణకు {{APP_NAME}} మొబైల్ యాప్ ని నవీకరించండి</li>\n</ul>\nయాప్ Android 4.4.version లో కంటెంట్ను ప్లే చేసేటప్పుడు Crosswalkని   డౌన్లోడ్ చేసి, ఇన్స్టాల్ చేయమని చెప్తుంది. Crosswalkని ఉపయోగించడం ద్వారా Android లో దాదాపు అన్ని కంటెంట్ను 4.4 వెర్షన్ ప్లే చేస్తోంది\n"},{"topic":"నేను డ్రాప్-డౌన్ మెనులో నా బోర్డు, మాధ్యమం, తరగతి మరియు విషయం వివరాలను చూడలేను","description":"మీరు చెందిన రాష్ట్రం ఇంకా ఈ జాబితాను సృష్టించలేదు. రాష్ట్రం వాటిని జతచేసిన వెంటనే ఈ వివరాలు అందుబాటులోకి వస్తాయి"},{"topic":"నేను సైన్ ఇన్ చేయలేకపోతున్నాను","description":"{{APP_NAME}} మొబైల్ ఆప్ప్ ఉపయోగించడానికి, మీరు మొదట సైన్ అప్ చేయాలి. మీరు ఈ ఎంపికలలో దేనినైనా ఉపయోగించి సైన్ అప్ చేయవచ్చు:\n<ul>\n<li> నమోదైన మొబైల్ నంబర్ లేదా ఇమెయిల్ ID </ li>\n<li> రాష్ట్రం అందించిన ID  </ li>\n<li> మీరు వాడుతున్న Google (gmail) ID </ li>\n</ul>\nమీరు ఇప్పటికే సైన్ అప్ చేసినట్లయితే, మీరు సరైన ఇంటర్నెట్ కనెక్టివిటీని కలిగి ఉన్నారో లేదో తనిఖీ చేయండి.\n"},{"topic":"నా బోర్డు, మాధ్యమం, తరగతి  మరియు విషయం తో  సంబంధించిన కంటెంట్లను నేను చూడలేను","description":"మీ రాష్ట్రం ఇంకా ఈ మీడియం, బోర్డ్, తరగతి లేదా విషయం కోసం ఇప్పటి వరకు కంటెంట్ను సృష్టించలేదు లేదా జోడించలేదు. మీకు యాప్ లైబ్రరీలో జాబితా లో పుస్తకాలు చూడగలిగినట్లయితే, ఈ విద్యాసంవత్సరంలో మీకు కంటెంట్ లభ్యంఅయ్యే అవకాశం ఉంది.\n"},{"topic":"ఇంటర్నెట్ లేనప్పుడు నేను కంటెంట్ను ప్లే చేయాలనుకుంటున్నాను","description":"మీరు ఇంటర్నెట్ ఉన్నప్పుడు మాత్రమే కంటెంట్ డౌన్లోడ్ చేసుకోవచ్చు. డౌన్లోడ్ చేసిన కంటెంట్ మాత్రమే ఇంటర్నెట్ లేనప్పుడు ఉపయోగించవచ్చు.\n\nమీరు యూట్యూబ్ వీడియోలను ఇంటర్నెట్ కనెక్షన్ ఉన్నప్పుడు మాత్రమే చూడగలరు. ఎందుకంటే యూట్యూబ్ వీడియో డౌన్లోడ్ చేయడాన్ని అనుమతించదు. \n"},{"topic":"{{APP_NAME}} కంటెంట్ నా ఫోన్లో చాలా స్థానాన్ని ఉపయోగిస్తుంది","description":"ఫోన్లో స్థలాన్ని ఖాళీ  చేయడానికి యాప్ లోని 'డౌన్లోడ్లు' టాబ్ నుండి డౌన్లోడ్ చేసిన కంటెంట్ను మీరు తొలగించవచ్చు"},{"topic":"నేను {{APP_NAME}} లో కంటెంట్ని సృష్టించి మరియు చేర్చాలనుకుంటున్నాను","description":"వారి సంబంధిత రాష్ట్ర బోర్డుచే నియమించబడిన ఉపాధ్యాయులు మాత్రమే {{APP_NAME}} లో కంటెంట్ని సృష్టించవచ్చు మరియు జోడించవచ్చు. కంటెంట్ను సృష్టించడానికి హక్కుల కోసం మీ రాష్ట్ర అధికారులను సంప్రదించండి"},{"topic":"నేను ఒక కోర్సు నుండి తప్పుకుందాం అనుకుంటున్నాను","description":"మీరు తప్పుకుందాం అనుకుంటున్నా కోర్సును ఎంపిక చేసుకోండి, తరవాత కుడివైపు పైన ఉన్న మెనుని (మూడు నిలువు చుక్కలు)  నొక్కండి, ఆ తరవాత \"Unenroll\" ని ఎంపిక చేసుకోండి"},{"topic":"నేను IOS లేదా డెస్క్టాప్లో {{APP_NAME}} ఆప్ప్ ఉపయోగించాలనుకుంటున్నాను","description":"మీరు 'దీక్షా' కంటెంట్ను చూడటానికి iOS లేదా డెస్క్టాప్ పరికరాల్లో మీ బ్రౌజర్ను ఉపయోగించి https://www.diksha.gov.in/explore/ ను సందర్శించవచ్చు. మేము ప్రస్తుతం ఆఫ్ లైన్ డెస్క్టాప్ అనువర్తనంపై పనిచేస్తున్నాము, ఇది ఈ సంవత్సరం చివరకు  సిద్ధంగా ఉంటుందని భావిస్తున్నారు"},{"topic":"నేను నా కోర్సు పూర్తయిన స్థితిని తెలుసుకోవాలనుకుంటున్నాను","description":"మీ ప్రొఫైల్ పేజీలో  'హాజరైన ట్రైనింగ్స్' విభాగం కింద మీరు పూర్తి చేసిన కోర్సులు కనిపిస్తాయి"},{"topic":"నేను నా ప్రొఫైల్ సెట్టింగులను చూడలేకపోతున్నాను","description":"ఇది మీ ఫోన్‌లోని <b> Android సిస్టమ్ వెబ్‌వ్యూ </ b> భాగం యొక్క పాత వెర్షన్ వల్ల సంభవిస్తుంది. వెబ్‌వ్యూ భాగాన్ని నవీకరించడానికి:\n 1. Google Playstore కి వెళ్లండి\n2. Android వెబ్‌వ్యూ లింక్‌కి వెళ్లండి. Https://play.google.com/store/apps/details?id=com.google.android.webviewNote ని ఉపయోగించండి: Android వెబ్‌వ్యూ అనేది ముందే ఇన్‌స్టాల్ చేయబడిన భాగం, ఇది Android అనువర్తనాలను వెబ్ కంటెంట్‌ను ప్రదర్శించడానికి అనుమతిస్తుంది. ఇది ఉంచాలి తాజా భద్రతా నవీకరణలను నిర్ధారించడానికి ఇప్పటి వరకు."},{"topic":"నేను QR కోడ్ స్కాన్ బటన్‌ను చూడలేకపోతున్నాను","description":"ఇది మీ ఫోన్‌లోని <b> Android సిస్టమ్ వెబ్‌వ్యూ </ b> భాగం యొక్క పాత వెర్షన్ వల్ల సంభవిస్తుంది. వెబ్‌వ్యూ భాగాన్ని నవీకరించడానికి:\n 1. Google Playstore కి వెళ్లండి\n2. Android వెబ్‌వ్యూ లింక్‌కి వెళ్లండి. Https://play.google.com/store/apps/details?id=com.google.android.webviewNote ని ఉపయోగించండి: Android వెబ్‌వ్యూ అనేది ముందే ఇన్‌స్టాల్ చేయబడిన భాగం, ఇది Android అనువర్తనాలను వెబ్ కంటెంట్‌ను ప్రదర్శించడానికి అనుమతిస్తుంది. ఇది ఉంచాలి తాజా భద్రతా నవీకరణలను నిర్ధారించడానికి ఇప్పటి వరకు."}],"constants":{"charactersLeft":"అక్షరాలు మిగిలి ఉన్నాయి","explainMsg":"మీరు సమస్యను వివరించగలరా?","faqMsg":"తరచుగా అడిగే ప్రశ్నలు","help":"సహాయం కావాలి","helpMsg":"ఈ సమాధానం  మీకు సహాయపడిందా?","initiateEmailButton":"ఇమెయిల్ను ప్రారంభించండి","knowMoreMsg":"మీరు మరింత తెలుసుకోవాలనుకుంటున్న విషయం ఏంటి?","noMsg":"కాదు","reportIssue":"సమస్యను నివేదించండి","reportIssueMsg":"ఇతర సమస్యను నివేదించండి","resolveMsg":"మీ సమస్యను పరిష్కరించడానికి జాబితాను చూడండి","sorryMsg":"అలా జరిగినందుకు క్షమించండి!","submitButton":"సమర్పించండి","tellMoreMsg":"మీరు ఎదుర్కొన్న సమస్య గురించి మాకు మరింత తెలియజేయండి","thanksMsg":"మీ ప్రతిస్పందన కోసం ధన్యవాదాలు!","triggerEmailMsg":"మీరు టెక్స్ట్ బాక్స్లో వివరాలను జోడించి, ఇమెయిల్(Initiate) బటన్ను నొక్కితే, మీ తరపున మేము ఒక ఇమెయిల్ను ప్రేరేపిస్తాము. మీరు మరింత వివరాలను జోడించవచ్చు మరియు / లేదా అక్కడ ఫైల్లను అటాచ్ చేయవచ్చు.","typeHere":"ఇక్కడ టైపు చేయండి..","yesMsg":"అవును"}}