{"faqs":[{"topic":"QR  குறியீட்டை ஸ்கேன் செய்தால் \"பாடம் விரைவில் வரும்\" என்ற செய்தி வருகிறது","description":"இந்த QR  குறியீட்டிற்கான உருவாக்கும் உருவாக்கும் பணியில் உங்கள் மாநிலம் பெரிய அளவிலான பாடப்புத்தகங்கள் உருவாக்கும் பணியில் உள்ளதால் இந்த தாமதத்தை ஏற்படுத்தியுள்ளது. மாநிலமானது அதை உருவாக்கியவுடன் உள்ளடக்கமானது விரைவில் கிடைக்கும்"},{"topic":"என் கருவி Andriod 4.4 இல் உள்ளது, என் கருவில் பாடங்களை இயக்க முடியவில்லை","description":"{{APP_NAME}} செயலி Android 4.4 உடன் இணக்கமற்றது, எனவே உங்கள் கருவியில் சில பாடங்களை நீங்கள் இயக்க முடியாது"},{"topic":"என் மொழி, வகுப்பு, பாடங்களைப் பார்க்க முடியவில்லை","description":"உங்கள் மாநிலமானது இதுவரை இந்த பட்டியலை உருவாக்கவில்லை. இந்த விவரங்கள் அவர்கள் சேர்த்தபின் விரைவில் கிடைக்கும்"},{"topic":"நான் உள்நுழைய முடியவில்லை","description":"{{APP_NAME}} செயலியைப்  பயன்படுத்த நீங்கள் முதலில் பதிவு செய்ய வேண்டும். நீங்கள் இணையத்துடன் இணைக்கப்படும்போதுக் கீழே கொடுக்கப்பட்டுள்ள  ஏதேனும் ஒன்றைப் பயன்படுத்தி  பதிவுபெறலாம்:\n<ul>\n<li> பதிவுசெய்யப்பட்ட அலைபேசி எண் அல்லது மின்னஞ்சல் </li>\n<li> மாநிலம் வழங்கப்பட்ட ஐடி </li>\n<li> தற்போதுள்ள Google (ஜிமெயில்) ஐடி </li>\n</ul>\n\n"},{"topic":"என் மொழி, வகுப்பு, பாடங்களைப் பார்க்க முடியவில்லை","description":"நீங்கள் சேர்ந்த மாநிலமானது இந்த பட்டியலில் இன்னும் பாடங்களை உருவாக்கவில்லை அல்லது சேர்க்கவில்லை"},{"topic":"இணையம்  இல்லாவிட்டாலும் நான் பாடத்தைப் பார்க்க விரும்புகிறேன்","description":"இணையத்தில் இருக்கும்போது பாடங்களை நீங்கள் பதிவிறக்கலாம் மற்றும் இணையத்தில் இல்லாதபோது பதிவிறக்கம் செய்யப்பட்ட பாடங்களைப் பார்க்கலாம்\n\nஇணைய இணைப்பு இருந்தால் மட்டுமே YouTube காணொளிகளை பார்க்க முடியும், \nYouTube காணொளி பதிவிறக்க அனுமதி இல்லை."},{"topic":"பாடம் என் கருவியில் நிறைய இடத்தை பயன்படுத்துகிறது","description":"கருவியின் செமிப்பிடத்தை சுத்தம் செய்யப் பதிவிறக்கம் செய்யப்பட்ட பாடங்களை நீக்குங்கள் அல்லது அகற்றுங்கள்"},{"topic":"{{APP_NAME}} வில் பாடத்தை உருவாக்க மற்றும் சேர்க்க விரும்புகிறேன்","description":"அரசு தேர்வுசெய்த ஆசிரியர்கள் மட்டும் தான் {{APP_NAME}} வில் பாடம் உருவாக அல்லது இனைக்க முடியும். பாடம் உருவாக்க உங்கள் மாநில அதிகாரிகளை தொடர்பு கொள்ளவும்."},{"topic":"பாடநெறியில் இருந்து நான் வெளியேற வேண்டும்","description":"நீக்க விரும்பும் பாடநெறியை, மேல் வலது மூலையில் உள்ள பர்கர் மெனு (மூன்று செங்குத்து புள்ளிகள்) தேர்வுசெய்து விலகிக்கொள்ளவும்"},{"topic":"இந்த செயலியை iOS மற்றும் மேசைக் கணினியில் பார்க்க வேண்டும்","description":"உள்ளடக்கத்தைக் காண iOS அல்லது டெஸ்க்டாப் சாதனங்களில் உங்கள் உலாவியைப் பயன்படுத்தி https://www.diksha.gov.in/explore/ ஐப் பார்வையிடலாம். .எனினும், நாங்கள் தற்போது ஆஃப்லைன் டெஸ்க்டாப் பயன்பாட்டில் வேலை செய்கிறோம், இது இந்த ஆண்டுக்குப் பிறகு தயாராக இருக்கும் என்று எதிர்பார்க்கப்படுகிறது"},{"topic":"நான் என் பாட நெறியின் முழுமை நிலையை அறிய விரும்புகிறேன் .","description":"ஒரு  பாட நெறியை வெற்றிகரமாக முடித்தபின் உங்கள் சுயவிவர பக்கத்தில்  'பயிற்சி பெற்றவர்கள்' பிரிவின்  கீழ் பாட நெறியின் பெயர் காண்பிக்கப்படும்."},{"topic":"எனது சுயவிவர அமைப்புகளை என்னால் பார்க்க முடியவில்லை","description":"உங்கள் கைப்பேசியில் <b>Android System WebView</b> இன் outdated version இருப்பதே இதற்குக் காரணம்.\n\nஇதை புதுப்பிக்க:\n1.  Google  Playstore செல்லுங்கள் \n2. Android webview link கு செல்லுங்கள் \n\nhttps://play.google.com/store/apps/details?id=com.google.android.webview\n\nகுறிப்பு: Android WebView ஒரு pre-installed component ஆகும், அது Android செயலிகளில் web content காண அனுமதி அளிக்கும்.\n\nஅதை புதிப்பித்துக்கொல்வதின் மூலமாக நாம் பாதுகாப்பை உறுதிப்படுத்திக் கொள்ளலாம். "},{"topic":"QR குறியீட்டை ஸ்கேன் செய்யும் பொத்தானை என்னால் பார்க்க முடியவில்லை","description":"உங்கள் கைப்பேசியில் <b>Android System WebView</b> இன் outdated version இருப்பதே இதற்குக் காரணம்.\n\nஇதை புதுப்பிக்க:\n1.  Google  Playstore செல்லுங்கள் \n2. Android webview link கு செல்லுங்கள் \n\nhttps://play.google.com/store/apps/details?id=com.google.android.webview\n\nகுறிப்பு: Android WebView ஒரு pre-installed component ஆகும், அது Android செயலிகளில் web content காண அனுமதி அளிக்கும்.\n\nஅதை புதிப்பித்துக்கொல்வதின் மூலமாக நாம் பாதுகாப்பை உறுதிப்படுத்திக் கொள்ளலாம். "}],"constants":{"charactersLeft":"விடுபட்ட எழுத்துக்கள்","explainMsg":"பிரச்சனையை நீங்கள் விளக்க முடியுமா?","faqMsg":"அடிக்கடி கேட்கப்படும் கேள்விகள்","help":"உதவி","helpMsg":"இந்த பதில் உங்களுக்கு உதவியதா?","initiateEmailButton":"மின்னஞ்சல் தொடங்குக","knowMoreMsg":"நீங்கள் இன்னும் தெரிந்து கொள்ள விரும்புகிறீர்களா?","noMsg":"இல்லை","reportIssue":"சிக்கலைப் புகாரளி","reportIssueMsg":"பிற சிக்கலைப் புகாரளி","resolveMsg":"உங்கள் சிக்கலை தீர்க்க பட்டியலை பாருங்கள்","sorryMsg":"மன்னிக்கவும்!","submitButton":"சமர்ப்பி","tellMoreMsg":"நீங்கள் சந்தித்த பிரச்சனை பற்றி மேலும் சொல்லுங்கள்","thanksMsg":"உங்கள் பதிலுக்கு நன்றி!","triggerEmailMsg":"நீங்கள் உரை பெட்டியில் விவரங்களைச் சேர்த்து, மின்னஞ்சல் தொடங்குக பொத்தானைத் தட்டவும், உங்கள் சார்பாக ஒரு மின்னஞ்சலை தூண்டுகிறோம். நீங்கள் மேலும் விவரங்களைச் சேர்க்க மற்றும் / அல்லது அங்கு கோப்புகளை இணைக்க முடியும்.","typeHere":"இங்கே உள்ளிடவும் ...","yesMsg":"ஆம்"}}