{"faqs":[{"topic":"\"ನನ್ನ ಮೊಬೈಲ್ ಪರದೆ ಮೇಲೆ 'ಕಂಟೆಂಟ್ ಸಧ್ಯದಲ್ಲಿಯೇ ಬರಲಿದೆ' ಸಂದೇಶವು ಬರುತ್ತಿದೆ ಮತ್ತು ಸ್ಕ್ಯಾನ್ ಮಾಡಿದ QR ಸಂಕೇತಕ್ಕೆ ಯಾವುದೇ ಕಂಟೆಂಟ್  ನನಗೆ ಕಾಣುತ್ತಿಲ್ಲ\" ","description":"ನಿಮ್ಮ ರಾಜ್ಯವು ಈ QR ಸಂಕೇತಕ್ಕೆ ಕಂಟೆಂಟ್ ಅನ್ನು ರಚಿಸುವ ಪ್ರಕ್ರಿಯೆಯಲ್ಲಿದೆ. ರಾಜ್ಯವು ಅಧಿಕ ಸಂಖ್ಯೆಯ ಪಠ್ಯಪುಸ್ತಕಗಳಿಗೆ ಕಂಟೆಂಟ್ ರಚಿಸುವ ಕಾರ್ಯದಲ್ಲಿ ತೊಡಗಿರುವುದರಿಂದ ವಿಳಂಬವಾಗುತ್ತಿದೆ. ರಾಜ್ಯವು  ಕಂಟೆಂಟ್ ರಚನೆ ಮಾಡಿದ ಕೂಡಲೇ ನಿಮಗೆ ಲಭ್ಯವಾಗುತ್ತದೆ.  "},{"topic":"ನನ್ನ ಡಿವೈಸ್ ಆಂಡ್ರಾಯಿಡ್ 4.4, ನಾನು ನನ್ನ ಡಿವೈಸಿನಲ್ಲಿ ಕಂಟೆಂಟ್ ನೋಡಲು ಆಗುತ್ತಿಲ್ಲ","description":"html5 ಅನ್ನು ಆಂಡ್ರಾಯಿಡ್  4.4 ಆವೃತ್ತಿಯು ಬೆಂಬಲಿಸುವುದಿಲ್ಲ, ಹೀಗಾಗಿ ನೀವು ಎಲ್ಲ ಕಂಟೆಂಟುಗಳನ್ನು  ನೋಡಲು ಸಾಧ್ಯವಾಗುವುದಿಲ್ಲ. ಆಂಡ್ರಾಯಿಡ್  4.4 ಆವೃತ್ತಿಯಲ್ಲಿ ಕಂಟೆಂಟ್ ನೋಡಲು ಈ ಕೆಳಗಿನವುಗಳನ್ನು ಪ್ರಯತ್ನಿಸಿ: \n<ul>\n<li>ಇತ್ತೀಚಿನ ಆಂಡ್ರಾಯಿಡ್ ಆವೃತ್ತಿಯನ್ನು ಬಳಸಿರಿ; 5.1 ಗಿಂತ ಮೇಲಿನ ಆವೃತ್ತಿಗೆ ಬದಲಿಸುವುದು ಉತ್ತಮ</li>\n<li>{{APP_NAME}} ಮೊಬೈಲ್ ಆಪ್ ಅನ್ನು ಇತ್ತೀಚಿನ ಆವೃತ್ತಿಗೆ ಪರಿಷ್ಕರಿಸಿ</li>\n</ul>\n4.4 ಆಂಡ್ರಾಯಿಡ್ ಆವೃತ್ತಿಯಲ್ಲಿ ಕಂಟೆಂಟ್ ನೋಡುತ್ತಿರುವಾಗ  Crosswalk  ಡೌನ್ಲೋಡ್ ಮಾಡಲು ಮತ್ತು ಅನ್ನು ಸ್ಥಾಪಿಸಲು ಆಪ್ ಪ್ರಚೋದಿಸುತ್ತದೆ . Crosswalk ಬಳಸಿದರೆ 4.4 ಆಂಡ್ರಾಯಿಡ್ ಆವೃತ್ತಿಯಲ್ಲಿ ಹೆಚ್ಚಿನ ಕಂಟೆಂಟ್  ಗಳನ್ನು ನೋಡಲು ಸಾಧ್ಯವಾಗುತ್ತದೆ.  "},{"topic":"ನನ್ನ ಮಾಧ್ಯಮ, ತರಗತಿ, ವಿಷಯ ಮತ್ತು ಭಾಷೆಯ ವಿವರಗಳು ಕಾಣುತ್ತಿಲ್ಲ","description":"ನಿಮ್ಮ ರಾಜ್ಯವು ಇನ್ನೂ ಈ ಪಟ್ಟಿಯನ್ನು ರಚಿಸಿಲ್ಲ. ರಾಜ್ಯವು ಅವುಗಳನ್ನು ಸೇರಿಸಿದ ತಕ್ಷಣವೇ ನಿಮಗೆ ಈ ವಿವರಗಳು ಲಭ್ಯವಾಗುತ್ತವೆ. "},{"topic":"ನನಗೆ ಸೈನ್ ಇನ್ ಆಗಲು ಸಾಧ್ಯವಾಗುತ್ತಿಲ್ಲ","description":"{{APP_NAME}} ಮೊಬೈಲ್ ಆಪ್ ಬಳಸಲು, ನೀವು ಮೊದಲು ನೋಂದಾಯಿಸಿಕೊಳ್ಳಬೇಕು. ನೀವು ಈ ಕೆಳಗಿನ ಯಾವುದಾದರೂ ಆಯ್ಕೆಯನ್ನು ಬಳಸಿಕೊಂಡು ನೋಂದಾಯಿಸಿ\n<ul>\n<li> ನೋಂದಾಯಿಸಲಾದ ಮೊಬೈಲ್ ಸಂಖ್ಯೆ ಅಥವಾ ಇಮೇಲ್ ಐಡಿ</li> \n<li> ರಾಜ್ಯವು ನೀಡಿರುವ ಐಡಿ </li>\n<li> ಅಸ್ತಿತ್ವದಲ್ಲಿ ಇರುವ ನಿಮ್ಮ ಗೂಗಲ್ (ಜಿಮೇಲ್) ಐಡಿ </li>\n</ul>\nನೀವು ಈಗಾಗಲೇ ಸೈನ್ ಅಪ್ ಆಗಿದ್ದರೆ, ಇಂಟರ್ನೆಟ್ ಸಂಪರ್ಕ ಸರಿಯಾಗಿದೆಯೇ ಎಂದು ಪರೀಕ್ಷಿಸಿರಿ. "},{"topic":"ನನ್ನ ಮಾಧ್ಯಮ, ತರಗತಿ, ವಿಷಯ ಮತ್ತು ಭಾಷೆಗೆ ಕಂಟೆಂಟ್ ಗಳು ನನಗೆ ಕಾಣುತ್ತಿಲ್ಲ. ","description":"ನಿಮ್ಮ ರಾಜ್ಯವು ನಿಮ್ಮ ಮಾಧ್ಯಮ, ಮಂಡಳಿ, ತರಗತಿ ಅಥವಾ ವಿಷಯಕ್ಕೆ ಇನ್ನೂ ಯಾವುದೇ ಕಂಟೆಂಟ್ ಅನ್ನು ರಚಿಸಿಲ್ಲ ಅಥವಾ ಸೇರಿಸಿಲ್ಲ. ಆಪ್ ಗ್ರಂಥಾಲಯದಲ್ಲಿ ಪುಸ್ತಕಗಳನ್ನು ಪಟ್ಟಿ ಮಾಡಿರುವುದು ಕಾಣಿಸಿದರೆ, ಈ ಶೈಕ್ಷಣಿಕ ವರ್ಷಕ್ಕೆ ಕಂಟೆಂಟ್ ದೊರೆಯುವ ಸಾಧ್ಯತೆ ಇದೆ. "},{"topic":"ಅಂತರ್ಜಾಲ ಸಂಪರ್ಕ ಇಲ್ಲದಿದ್ದಾಗಲೂ ನಾನು ಕಂಟೆಂಟ್ ನೋಡಲು ಬಯಸುವೆ. ","description":"ಅಂತರ್ಜಾಲ ಸಂಪರ್ಕವಿದ್ದಾಗ ನೀವು ಕಂಟೆಂಟ್ ಅನ್ನು ಡೌನ್ಲೋಡ್ ಮಾಡಿಕೊಳ್ಳಬಹುದು ಮತ್ತು ಒಮ್ಮೆ ಡೌನ್ಲೋಡ್ ಮಾಡಿಕೊಂಡ ಕಂಟೆಂಟ್  ಗಳನ್ನು ಅಂತರ್ಜಾಲ ಸಂಪರ್ಕವಿಲ್ಲದಿದ್ದಾಗಲೂ  ನೋಡಬಹುದು. \nಯುಟ್ಯೂಬ್ ವಿಡಿಯೋಗಳನ್ನು ಅಂತರ್ಜಾಲ ಸಂಪರ್ಕವಿದ್ದಾಗ ಮಾತ್ರವೇ ನೋಡಬಹುದು, ಏಕೆಂದರೆ ವಿಡಿಯೋಗಳನ್ನು  ಡೌನ್ಲೋಡ್ ಮಾಡಲು ಯುಟ್ಯೂಬ್  ಆಸ್ಪದ ಕೊಡುವುದಿಲ್ಲ. "},{"topic":"ಕಂಟೆಂಟ್ ಗಳು ನನ್ನ ಫೋನಿನಲ್ಲಿ ತುಂಬ ಸ್ಥಳ ತೆಗೆದುಕೊಳ್ಳುತ್ತವೆ.  ","description":"ನಿಮ್ಮ ಫೋನಿನಲ್ಲಿ ಸ್ಥಳಾವಕಾಶ ಮಾಡಿಕೊಳ್ಳಲು ನೀವು ಡೌನ್ಲೋಡ್ ಮಾಡಿಕೊಂಡ ಕಂಟೆಂಟ್ ಅನ್ನು ಬೇರೆಡೆ ಇಡಬಹುದು ಅಥವಾ ಡಿಲೀಟ್ ಮಾಡಬಹುದು.  "},{"topic":"ನಾನು {{APP_NAME}} ದಲ್ಲಿ ಕಂಟೆಂಟ್  ರಚಿಸಲು ಮತ್ತು ಸೇರಿಸಲು ಬಯಸುವೆ","description":"ಆಯಾ ರಾಜ್ಯ ಮಂಡಳಿಯಿಂದ ನೇಮಕಗೊಂಡ ಶಿಕ್ಷಕರು ಮಾತ್ರವೇ {{APP_NAME}} ದಲ್ಲಿ ಕಂಟೆಂಟ್  ರಚಿಸಬಹುದು ಮತ್ತು ಸೇರಿಸಬಹುದು. ನಿಮಗೆ ಕಂಟೆಂಟ್ ರಚಿಸಲು ಆಸಕ್ತಿಯಿದ್ದರೆ, ರಚಿಸುವ ಹಕ್ಕುಗಳನ್ನು ಪಡೆಯಲು ನಿಮ್ಮ ರಾಜ್ಯದ ಆಡಳಿತಾಧಿಕಾರಿಗಳಿಗೆ ಕೋರಿಕೆಯನ್ನು ಕಳಿಸಿ.   "},{"topic":"ಕೋರ್ಸಿನಿಂದ ನೋಂದಣಿ ರದ್ದುಪಡಿಸಲು ಬಯಸುವೆ","description":"ನೀವು ನೋಂದಣಿ ರದ್ದು ಮಾಡಲು ಬಯಸುವ ಕೋರ್ಸ್  ಆಯ್ಕೆ ಮಾಡಿ, ಮೇಲೆ ಬಲಭಾಗದಲ್ಲಿ ಬರ್ಜರ್ ಮೆನು(ಒಂದರಕೆಳಗೆ ಒಂದು ಇರುವ ಮೂರು ಚುಕ್ಕೆಗಳು)ವನ್ನು ಟ್ಯಾಪ್ ಮಾಡಿ ಮತ್ತು ನೋಂದಣಿ ರದ್ದು/ಅನ್ ಎನ್ರೋಲ್  ಆಯ್ಕೆ ಮಾಡಿ "},{"topic":"ಮೊಬೈಲ್  ಆಪ್  ನನಗೆ ಐಒಎಸ್ ಅಥವಾ ಡೆಸ್ಕ್ ಟಾಪಿನ ಮೇಲೆ ಬೇಕು","description":"ಕಂಟೆಂಟ್ ನೋಡಲು  ನಿಮ್ಮ ಐಒಎಸ್ ನ ಬ್ರೌಸಿರನಲ್ಲಿ ಅಥವಾ ಡೆಸ್ಕ್ ಟಾಪ್ ಡಿವೈಸನ್ನು ಬಳಸಿಕೊಂಡು  https://www.diksha.gov.in/explore/ ನೀವು ಇಲ್ಲಿಗೆ ಭೇಟಿ ನೀಡಬಹುದು. ನಾವು ಆಫ್ ಲೈನ್ ಡೆಸ್ಕ್ ಟಾಪ್ ಅನ್ವಯಿಕದ ಮೇಲೆ ಕೆಲಸ ಮಾಡುತ್ತಿದ್ದೇವೆ, ಇದೇ ವರ್ಷ ಮುಂಬರುವ ದಿನಗಳಲ್ಲಿ ಅದು ಸಿದ್ಧಗೊಳ್ಳುವ ನಿರೀಕ್ಷೆ ಇದೆ. "},{"topic":"ನನ್ನ ಕೋರ್ಸ್ ಮುಕ್ತಾಯದ ಸ್ಥಿತಿಗತಿಯನ್ನು ನಾನು ತಿಳಿಯಬೇಕು","description":"ನೀವು ಕೋರ್ಸ್ ಅನ್ನು ಯಶಸ್ವಿಯಾಗಿ ಪೂರ್ಣಗೊಳಿಸಿದ ನಂತರ, ನಿಮ್ಮ ಪ್ರೊಫೈಲ್ ಪುಟದಲ್ಲಿ 'ಹಾಜರಾದ ತರಬೇತಿಗಳು' ವಿಭಾಗದಲ್ಲಿ ನಿಮ್ಮ ಕೋರ್ಸ್ ಹೆಸರು ಕಾಣಿಸುತ್ತದೆ. "},{"topic":"ನನ್ನ ಪ್ರೊಫೈಲ್ ಸೆಟ್ಟಿಂಗ್ಸ್ ನೋಡಲು ಆಗುತ್ತಿಲ್ಲ","description":"ನಿಮ್ಮ ಫೋನಿನಲ್ಲಿ <b>Android System WebView</b> ಘಟಕದ ಹಳೆಯ ಆವೃತ್ತಿಯಿಂದ ಹೀಗೆ ಆಗಿದೆ.  ವೆಬ್ ವ್ಯೂ ಘಟಕವನ್ನು ನವೀಕರಿಸಲು ಹೀಗೆ ಮಾಡಿ: \n1. ಗೂಗಲ್ ಪ್ಲೇ ಸ್ಟೋರ್ ಗೆ ಹೋಗಿ. \n2. ಆಂಡ್ರಾಯಿಡ್ ವೆಬ್ ವ್ಯೂ ಲಿಂಕ್ ಗೆ ಹೋಗಿ. https://play.google.com/store/apps/details?id=com.google.android.webview ಅನ್ನು ಬಳಸಿ. \nಟಿಪ್ಪಣಿ: ಆಂಡ್ರಾಯಿಡ್ ವೆಬ್ ವ್ಯೂ ಒಂದು ಮೊದಲೇ-ಇನ್ಷ್ಟಾಲ್ ಮಾಡಿದ ಘಟಕವಾಗಿದ್ದು, ಅದು ಆಂಡ್ರಾಯಿಡ್ ಆಪ್ ಗಳಿಗೆ ವೆಬ್ ಕಂಟೆಂಟ್ ಗಳನ್ನು ತೋರಿಸಲು ಆಸ್ಪದ ನೀಡುತ್ತದೆ. \nಇತ್ತೀಚಿನ ಸೆಕ್ಯುರಿಟಿ ಅಪ್ಡೇಟ್ ಗಳನ್ನು ಖಾತ್ರಿಪಡಿಸಲು ಅದನ್ನು ಅಪ್ ಟು ಡೇಟ್ ಮಾಡಬೇಕು. \n\n"},{"topic":"ನನಗೆ QR ಸಂಕೇತ ಸ್ಕ್ಯಾನ್ ಬಟನ್  ನೋಡಲು ಆಗುತ್ತಿಲ್ಲ","description":"ನಿಮ್ಮ ಫೋನಿನಲ್ಲಿ <b>Android System WebView</b> ಘಟಕದ ಹಳೆಯ ಆವೃತ್ತಿಯಿಂದ ಹೀಗೆ ಆಗಿದೆ.  ವೆಬ್ ವ್ಯೂ ಘಟಕವನ್ನು ನವೀಕರಿಸಲು ಹೀಗೆ ಮಾಡಿ: \n1. ಗೂಗಲ್ ಪ್ಲೇ ಸ್ಟೋರ್ ಗೆ ಹೋಗಿ. \n2. ಆಂಡ್ರಾಯಿಡ್ ವೆಬ್ ವ್ಯೂ ಲಿಂಕ್ ಗೆ ಹೋಗಿ. https://play.google.com/store/apps/details?id=com.google.android.webview ಅನ್ನು ಬಳಸಿ. \nಟಿಪ್ಪಣಿ: ಆಂಡ್ರಾಯಿಡ್ ವೆಬ್ ವ್ಯೂ ಒಂದು ಮೊದಲೇ-ಇನ್ಷ್ಟಾಲ್ ಮಾಡಿದ ಘಟಕವಾಗಿದ್ದು, ಅದು ಆಂಡ್ರಾಯಿಡ್ ಆಪ್ ಗಳಿಗೆ ವೆಬ್ ಕಂಟೆಂಟ್ ಗಳನ್ನು ತೋರಿಸಲು ಆಸ್ಪದ ನೀಡುತ್ತದೆ. \nಇತ್ತೀಚಿನ ಸೆಕ್ಯುರಿಟಿ ಅಪ್ಡೇಟ್ ಗಳನ್ನು ಖಾತ್ರಿಪಡಿಸಲು ಅದನ್ನು ಅಪ್ ಟು ಡೇಟ್ ಮಾಡಬೇಕು. \n\n"}],"constants":{"charactersLeft":"ಉಳಿದಿರುವ ಅಕ್ಷರಗಳು","explainMsg":"ನೀವು ತೊಂದರೆಯನ್ನು ವಿವರಿಸುವಿರಾ?","faqMsg":"ಪದೇಪದೇ ಕೇಳುವ ಪ್ರಶ್ನೆಗಳು","help":"ಸಹಾಯ","helpMsg":"ಈ ಉತ್ತರದಿಂದ ನಿಮಗೆ ಸಹಾಯವಾಯಿತೇ? ","initiateEmailButton":"ಇಮೇಲ್ ಆರಂಭಿಸಿ ","knowMoreMsg":"ಇನ್ನೂ ಹೆಚ್ಚಿನದೇನದನ್ನು ತಿಳಿಯಲು ಬಯಸುವಿರಿ? ","noMsg":"ಇಲ್ಲ","reportIssue":"ಸಮಸ್ಯೆ ಇದೆಯೆಂದು ವರದಿ ಮಾಡಿ","reportIssueMsg":"ಬೇರೆ ಸಮಸ್ಯೆ ಬಗ್ಗೆ ವರದಿ ಮಾಡಿ ","resolveMsg":"ನಿಮ್ಮ ಸಮಸ್ಯೆ ಪರಿಹರಿಸಿಕೊಳ್ಳಲು ಪೂರ್ಣ ಪಟ್ಟಿಯನ್ನು ನೋಡಿ","sorryMsg":"ಅದಕ್ಕಾಗಿ ವಿಷಾದಿಸುತ್ತೇವೆ!","submitButton":"ಸಲ್ಲಿಸಿ","tellMoreMsg":"ನೀವು ಎದುರಿಸಿದ ತೊಂದರೆಯ ಬಗ್ಗೆ  ಹೆಚ್ಚಿನ ಮಾಹಿತಿ ಹೇಳಿ. ","thanksMsg":"ನಿಮ್ಮ ಪ್ರತಿಕ್ರಿಯೆಗೆ ಧನ್ಯವಾದಗಳು!","triggerEmailMsg":"ನೀವು ಟೆಕ್ಸ್ಟ್ ಬಾಕ್ಸಿನಲ್ಲಿ ವಿವರಗಳನ್ನು ಸೇರಿಸಿದ ನಂತರ, ಇಮೇಲ್ ಆರಂಭಿಸಿ ಬಟನ್ ಅನ್ನು ಒತ್ತಿರಿ, ನಾವು ನಿಮ್ಮ ಪರವಾಗಿ ಇಮೇಲ್ ಶುರು ಮಾಡುತ್ತೇವೆ. ನೀವು ಹೆಚ್ಚಿನ ಮಾಹಿತಿಯನ್ನು  /ಅಥವ ಅಲ್ಲಿ ಫೈಲುಗಳನ್ನು  ಸೇರಿಸಬಹುದು.","typeHere":"ಇಲ್ಲಿ ಟೈಪ್ ಮಾಡಿ...","yesMsg":"ಹೌದು"}}